170524110826,山田太郎,不明,東京都練馬区10-1,0120444444,info@example.com,雑誌,新聞,Aime,よろしくお願いします&?!comma損傷軽微&?!comma損傷甚大<br>もう持ちません！&?!comma撃墜されました&?!comma助かりました
170524112640,ｄｄ,女,d,4455,ddd@ccc.hi.ca,,新聞,e-pass,ｆｆｆ
170524112642,ｄｄ,女,d,4455,ddd@ccc.hi.ca,,新聞,e-pass,ｆｆｆ
170524112653,ｄｄ,女,d,4455,ddd@ccc.hi.ca,,新聞,e-pass,ｆｆｆ
170524114350,ｓｄ,男,ｄ,445144,ddd@ccc.hi.ca,,新聞,e-pass,ｄｄ
170524114400,ｓｄ,男,ｄ,445144,ddd@ccc.hi.ca,,新聞,e-pass,ｄｄ
170524114412,ｓｄ,男,ｄ,445144,ddd@ccc.hi.ca,,新聞,e-pass,ｄｄ
170524114437,ｓｄ,男,ｄ,445144,ddd@ccc.hi.ca,,新聞,e-pass,ｄｄ
170524114711,ｄｇ,女,d,454,ddd@ccc.hi.ca,,新聞,e-pass,
170524130729,ｓｓ,不明,＠,454,ddd@ccc.hi.ca,雑誌,,Aime,あぁぁぁぁぁぁ
170524132004,ｄｃ,女,ｃ,45145,ddd@ccc.hi.ca,,,e-pass,ｆｆ
170524132416,ｄｃ,女,ｃ,45145,ddd@ccc.hi.ca,,,e-pass,ｆｆ
170524145428,ｄｄ,男,ｃ,454,ddd@ccc.hi.ca,,新聞,バナパス,f
170525153732,ｄｄ,男,d,45144,ddd@ccc.hi.ca,雑誌,新聞,e-pass,"がｓｄｆｇｂｖ<script>alert(""خطأ"");</script>"
170525165026,ｓｓ,男,,454,ddd@ccc.hi.ca,,,バナパス,"<script&?!sDdfalert(""ええやろ"");</script&?!sDdf"
170525165600,ｓｓ,男,ｃ,454,ddd@ccc.hi.ca,,新聞,バナパス,"&?!Dsscript&?!sDalert(""ええやろ"");&?!Ds/script&?!sD"
